Last Name;First Name;Middle Name;Date of Birth;CURP;Phone;Email;City
Alvarado;Timoteo;Bruno;9/29/71;ALBT710929HSPSKL2;522181960013;violetatrejo@garay.com;Nueva Trinidad y Tabago
Ledesma;Luisa;Jacinto;6/22/55;LEJL550622MYNNPX2;521161559407;uriasguadalupe@hotmail.com;San Reynaldo de la Montana
Gil;Angela;Amalia;9/12/73;GIAA730912HYNBJF9;521647525534;daliarios@jiminez.com;Nueva Argentina
Jasso;Ignacio;Karla;4/28/43;JAKI430428MCHNBT9;525376724238;onajera@gmail.com;San Aurora de la Montana
Crespo;Blanca;Cristian;10/8/91;CRCB911008HHGFCL9;526978480184;dcotto@gmail.com;San Monica de la Montana
Lugo;Natividad;Bernabe;5/29/03;LUBN030529HDGJWG9;525288095701;guajardoraquel@briones-ruelas.com;Nueva Sudan del Sur
de Jesus;Martin;Paulina;5/22/70;DEPM700522MASRWT7;528346578713;villalobosperla@gmail.com;Nueva Belgica
Giron;Susana;Ana Maria;6/27/43;GIAS430627HNLHDP3;521834738299;gespinal@gmail.com;San Joaquin los bajos
Ayala;Lilia;Mayte;9/16/47;AYML470916HZSFBM4;525133387262;quinteropaulina@arteaga-toledo.com;Nueva Cote d'Ivoire
Rosales;Lorenzo;Mercedes;5/28/63;ROML630528HSRXRB6;522606474687;ana-luisavenegas@hotmail.com;Vieja Bahrein
Romero;Amador;Rocio;10/1/02;RORA021001HGRCVL3;528121913619;pereavictor@ibarra-flores.com;Vieja Libia
Macias;Cesar;Yuridia;7/16/96;MAYC960716MJCTZN5;520799118384;jose-eduardolinares@club.org;Vieja Suecia
Jaime;Bernardo;Cecilia;1/8/50;JACB500108MSRFZL4;522449353487;clebron@merino.com;San Cynthia los altos
Ponce;Margarita;Pedro;8/18/35;POPM350818MTCQZM0;522805982620;enrique31@valencia-palomo.com;Nueva Dinamarca
Duarte;Liliana;Alberto;7/11/79;DUAL790711MCHMYK2;524216073375;espinozaleonor@leiva-barrios.com;San Tomas los altos
Meraz;Leonor;Omar;1/26/38;MEOL380126HQTZQT7;522940196556;mvelazquez@despacho.net;Vieja Malta
Menendez;Angela;Wendolin;1/13/77;MEWA770113MCHDSW8;528465648236;aulibarri@yahoo.com;San Enrique los bajos
Medina;Ricardo;Samuel;8/6/97;MESR970806MASGCG2;523872148951;concepcionalvarado@guevara.org;Vieja Malasia
Esquivel;Sonia;Rene;7/28/86;ESRS860728MCSFLB9;523201632870;zcepeda@tamez.com;San Sara los altos
Ulibarri;Natalia;Luis;1/1/95;ULLN950101MCLFTG6;527434873471;indira81@gmail.com;Nueva Letonia
Barela;Cristian;Ernesto;10/11/90;BAEC901011HPLGQN8;528760366909;hector66@club.biz;San Alicia los bajos
Palacios;Ivan;Yolanda;10/10/56;PAYI561010HTSGNP7;529806990162;juan53@mena.biz;San Lucia los bajos
Almaraz;Ariadna;Mariano;5/27/41;ALMA410527HPLDSG4;521003309232;xhidalgo@de.com;Vieja Bulgaria
Marrero;Ricardo;Aldonza;5/23/85;MAAR850523HCCCQF1;521931491905;santillanvicente@yahoo.com;Vieja Nigeria
Najera;Bernabe;Magdalena;11/18/96;NAMB961118HBSLXB5;522849877694;maria-del-carmen37@miramontes.com;Vieja Eslovenia
Molina;Joaquin;Francisco Javier;5/16/72;MOFJ720516MBSGLR9;520831367837;lozanoestela@guerrero.com;San Perla los altos
Urbina;Jaime;Luz;5/2/79;URLJ790502MHGRHC0;524443135182;rolando89@yahoo.com;Nueva Guyana
Duarte;Esperanza;Jorge Luis;6/14/75;DUJE750614HCCFQL0;522400842710;vquintana@gmail.com;Vieja Nauru
Pacheco;Camila;Andres;3/28/01;PAAC010328HOCWQY4;520229413186;craya@proyectos.org;Nueva Eslovaquia
Jaime;Socorro;Eric;5/12/45;JAES450512HPLBPH3;522812067974;maria-elena13@yahoo.com;Vieja Burundi
Cordova;Pamela;Espartaco;6/19/70;COEP700619MTLPDL8;520249947174;mblanco@gmail.com;San Irene los altos
Bustos;Fidel;Aldonza;6/20/65;BUAF650620MASNZT1;529027874296;lucas55@hotmail.com;Nueva Islandia
Lomeli;Lilia;Miguel Angel;10/24/88;LOML881024MCSGWF8;521545168087;silvia77@figueroa.net;Vieja Mauricio
Anaya;Mercedes;Carlos;11/18/66;ANCM661118MZSRQD2;528086131712;erosas@gmail.com;San Pedro de la Montana
Zamudio;Juan Carlos;Elias;6/26/03;ZAEJ030626HCHHBY6;524658404499;vmontano@hotmail.com;San Maria Eugenia los bajos
Vazquez;Elena;Evelio;6/8/86;VAEE860608HPLPFR6;520576627028;hcamarillo@alejandro.com;Vieja Georgia
Otero;Ivonne;Sofia;3/30/45;OTSI450330MASWCW3;526578091343;quirozdaniela@despacho.com;San Jose Luis los bajos
Tamez;Clemente;Felipe;5/24/90;TAFC900524MQTCJZ5;522196937923;yeni07@yahoo.com;Nueva Mauritania
Luna;Jaime;Rodrigo;1/23/92;LURJ920123HZSPVV3;524367136959;alaureano@zelaya.info;San Estela los altos
Espinal;Jesus;Estefania;6/3/68;ESEJ680603HNLYJB6;520470952145;paolanavarrete@proyectos.com;San Camila los bajos
Gastelum;Antonio;Claudia;5/26/88;GACA880526HSLQCY1;526048175496;nalvarado@garcia-barajas.info;San Violeta los bajos
Armenta;Camilo;Clara;5/18/39;ARCC390518MPLXQS1;521138267586;saizsergio@yahoo.com;San Alonso los altos
Quiroz;Jose Eduardo;Esteban;11/1/94;QUEJ941101MSRMFM5;521585064317;merinofederico@proyectos.com;Nueva ex Republica Yugoslava de Macedonia
Ybarra;Isaac;Concepcion;9/12/34;YBCI340912MVZYTH2;522842102053;gabinoavila@laboratorios.com;Vieja Mexico
Villasenor;Jos;Nelly;2/26/49;VINJ490226HNTTKY2;523908470076;fbenavides@yahoo.com;Nueva Camerun
Vigil;Gerardo;Sofia;7/28/78;VISG780728HHGLGB0;528478961183;dmojica@pelayo.biz;San Wendolin los bajos
Rojo;Jose Luis;Cristian;6/14/43;ROCJ430614MGTDJD7;521615280988;wendolin60@yahoo.com;San Jesus de la Montana
Galindo;Reynaldo;Natividad;5/16/55;GANR550516MMCZCL1;521585149368;alicia24@corporacin.com;San Angela de la Montana
Bustos;Tania;Alta  Gracia;7/6/06;BUAT060706HBSJDT7;526752545991;bonillageorgina@pineda.info;San Georgina de la Montana
Montano;Nelly;Camila;10/28/92;MOCN921028HMCBTD1;529784036900;florencialongoria@casares-aguilar.biz;Nueva Lesotho
Sanches;Oscar;Estela;7/7/82;SAEO820707HJCTYL6;520607159696;ualonso@proyectos.com;San Bernabe de la Montana
Pacheco;Marco Antonio;Rolando;8/16/05;PARM050816HBSVLB0;524535218188;eugeniocandelaria@gmail.com;San Elvia de la Montana
Benitez;Salvador;Cristian;6/3/58;BECS580603MJCGFJ8;529979955271;rosa05@hotmail.com;Vieja Montenegro
Baez;Maria Cristina;Alfonso;7/1/84;BAAM840701MGRGYQ0;521998679807;jsanchez@gmail.com;San Benjamin los bajos
de Leon;Arturo;Natalia;8/22/39;DENA390822MTCHWG7;527889255466;andres51@limon.com;San Ariadna los altos
Montez;Wilfrido;Claudia;7/14/76;MOCW760714HOCQRP6;529148652816;horacio23@ruelas-espinosa.com;Nueva Guyana
Tirado;Benito;Natividad;12/22/05;TINB051222HGRPPZ1;529296222927;marialinares@hotmail.com;San Eugenia los altos
Rodarte;Evelio;Horacio;9/19/60;ROHE600919MYNVGJ3;527746886239;jnieto@sevilla-castellanos.com;Nueva Granada
Contreras;Maria del Carmen;Nelly;11/7/93;CONM931107MGTRMX4;527506068536;matosberta@concepcion-chapa.com;San Clara los altos
Adame;Mariano;Marisol;2/4/45;ADMM450204MTCPGL8;523289861434;ereyna@sanabria-zambrano.net;Nueva Ucrania
Portillo;Claudio;Guillermo;7/11/34;POGC340711MCHCHY7;529621851888;crodrigez@nino.com;Vieja Fiji
Cano;Victor;Soledad;7/27/79;CASV790727MBCFNS4;525852772217;felicianoalma@marin-serrato.net;San Flavio de la Montana
Lira;Vicente;Elias;11/24/82;LIEV821124HNTHPW7;524156676527;pinedaarcelia@yahoo.com;Vieja Iraq
Menchaca;Benjamin;Arcelia;7/20/74;MEAB740720MOCZKZ3;529627570596;gnarvaez@despacho.info;Nueva Belarus
Navarro;Eugenio;Veronica;8/8/83;NAVE830808MTSKND0;520927557192;violeta43@gmail.com;Nueva Nueva Zelandia
Valenzuela;Norma;Julia;5/4/50;VAJN500504HBSGGN4;527394731217;yeni51@corporacin.net;Nueva Emiratos Arabes Unidos
Salcido;Clara;Eva;11/21/37;SAEC371121HCLGVP7;529578291146;evelasco@gmail.com;San Tomas de la Montana
Sierra;Maria del Carmen;Martha;3/14/81;SIMM810314MDGMCP6;529226801824;javiersolano@yahoo.com;Vieja El Salvador
Laureano;Teresa;Pedro;5/8/51;LAPT510508MSPYJS9;528182992299;bonillaamalia@laboratorios.org;Vieja Serbia
Madrid;Patricio;Gregorio;1/16/00;MAGP000116HMNMGS1;524710276773;indira56@proyectos.net;Vieja Fiji
Jaramillo;Martha;Carlos;7/3/95;JACM950703HMNRTQ7;521046963259;dserrato@manzanares.com;San Natalia los bajos
Vergara;Fabiola;Esmeralda;5/5/82;VEEF820505MMSMZM4;524797480162;amalia60@hotmail.com;Vieja Republica Centroafricana
Olvera;Graciela;Antonia;12/10/02;OLAG021210MMSWTM4;524991216558;csanches@arellano.com;San Norma los bajos
Serrato;Conchita;Samuel;5/3/53;SESC530503MTLFBX6;525269495888;xalfaro@yahoo.com;Vieja Republica Popular Democratica de Corea
Amador;Homero;Sonia;11/27/98;AMSH981127MQRFLH1;529309728962;aidaquintana@peralta-coronado.com;San Monica los altos
Chavarria;Mariana;Anel;11/26/04;CHAM041126MSLGHB7;525786527858;fernandoleiva@hotmail.com;San Espartaco los bajos
Saenz;Graciela;Emilio;6/18/77;SAEG770618MZSBVQ8;528441986652;montemayormargarita@hotmail.com;San Mauro de la Montana
Juarez;Eloy;Pablo;4/13/71;JUPE710413HSRCHG1;529933083301;chapaabigail@hotmail.com;Vieja Sudan
Feliciano;Martin;Mateo;5/29/73;FEMM730529MDGBVZ3;520193802620;alfonso04@meza-linares.info;San Cecilia los altos
Espinoza;Mayte;Georgina;8/23/49;ESGM490823MOCWXS8;527420549329;pachecoyolanda@gmail.com;Nueva Nauru
Aguayo;Irene;Felix;10/21/69;AGFI691021MSLLVM6;527454990453;cristobal68@hotmail.com;San Caridad los altos
Garcia;Gustavo;Jose Carlos;2/19/64;GAJG640219HMNCCL0;522795687833;araceli91@gmail.com;Nueva Cote d'Ivoire
Quintanilla;Itzel;Nicolas;2/18/50;QUNI500218MQTBPD4;527187072867;agustin64@gmail.com;Nueva Austria
Barela;Luisa;Jaime;7/7/42;BAJL420707MCHHKQ2;520462265676;caridad28@tafoya.com;Vieja Montenegro
Pineda;Zacarias;Pamela;9/16/06;PIPZ060916MSPPPH9;523752431069;camposrosario@ramon.com;Nueva Liechtenstein
Tirado;Marcela;Eugenia;11/19/63;TIEM631119HTLWDC6;528439599534;rmacias@valdes.com;San Pilar los bajos
Olivarez;Amanda;Jaime;9/10/05;OLJA050910HYNFWT6;526246287334;jpena@club.com;San Vicente de la Montana
Caballero;Maria del Carmen;Jose Eduardo;3/19/07;CAJM070319HMSRGG5;524699013983;adela33@hotmail.com;Vieja Filipinas
Osorio;Salma;Emilia;11/20/66;OSES661120HTLMTB9;526785445877;jose-eduardomarroquin@yahoo.com;Nueva Vietman
Ibarra;Clemente;Adriana;2/22/91;IBAC910222HQRNJZ7;523536937854;jesusde-la-o@gmail.com;San Dulce Maria los altos
Soria;Tomas;Ana Maria;12/1/38;SOAT381201MCMGDL9;520623120387;aaleman@hotmail.com;San Adan de la Montana
Tello;Olga;Gerardo;5/1/73;TEGO730501HGRGDB4;526211823398;xberrios@yahoo.com;San Raul de la Montana
Blanco;Espartaco;Helena;8/17/38;BLHE380817MJCRJK6;526687002176;godinezeric@juarez.com;Nueva Indonesia
Villagomez;Adriana;Emilio;12/8/53;VIEA531208MZSTSP2;524293968562;calvillomarco-antonio@gmail.com;Vieja Samoa
Osorio;Sessa;Rosario;9/25/78;OSRS780925HSLVJQ6;527735866296;antoniaborrego@yahoo.com;Vieja Tuvalu
Ordonez;Tania;Cristian;5/31/77;ORCT770531HZSZCY9;521047541212;alvarezaugusto@yahoo.com;Vieja Letonia
Pedraza;Adan;Guillermo;2/3/87;PEGA870203HNLGDF2;523982622444;manuelleal@luna.com;San Fernando los altos
Villegas;Socorro;Miguel Angel;12/4/60;VIMS601204HSRFWD7;522406596575;ines93@martinez.com;San Tania los bajos
Melgar;Rene;Federico;6/29/85;MEFR850629MDGKRH9;525193982807;paredeszacarias@yahoo.com;Vieja Fiji
Corrales;Flavio;Victoria;11/25/91;COVF911125MCLCBR2;527979688680;guzmanvictor@de.biz;San Luis Manuel de la Montana
Holguin;Adalberto;Berta;7/11/64;HOBA640711MDFGTQ7;525679825071;colladojaqueline@corporacin.info;San Martin de la Montana
Matos;Marcela;Maria Cristina;6/16/43;MAMM430616MMSLPB4;521051238282;zgomez@yahoo.com;Nueva Singapur
Ortiz;Victor;Magdalena;4/15/38;ORMV380415HNTGFS8;529660334191;elsa71@yahoo.com;San Oliver los altos
Oquendo;Humberto;Ruben;9/27/87;OQRH870927HTCDWC2;525792499125;elizondojose-luis@hotmail.com;Vieja Malawi
Velasco;Ruben;Citlali;7/15/86;VECR860715HTCXQB6;527828274225;abril72@proyectos.net;San Lucas los altos
Quiroz;Mitzy;Linda;10/28/00;QULM001028HGTTBY4;529034043842;vegacamila@yahoo.com;San Patricia de la Montana
Gamez;Marcos;Patricio;3/5/92;GAPM920305HQTGRH3;524074517133;sergiochavez@gmail.com;Nueva Republica Democratica del Congo
Leon;Jeronimo;Oscar;3/25/57;LEOJ570325HSRHMM1;524948126042;fernando67@industrias.biz;San Antonio los altos
Serrato;Aurelio;Karina;3/6/72;SEKA720306MDGXGG6;527590175186;ujasso@corporacin.org;San Jacobo los altos
Camacho;Amanda;Amalia;11/10/96;CAAA961110HJCZPF9;522770632424;nietowendolin@hotmail.com;Nueva Libia
Gonzalez;Socorro;Hilda;9/24/92;GOHS920924MNTYPR1;520371293870;ecenteno@giron-olivera.com;Nueva Indonesia
Chapa;Jose Carlos;Helena;5/27/86;CHHJ860527HBCZJP8;521890927532;asuncioncamarillo@gmail.com;Vieja Jamaica
Cintron;Luis Miguel;Ignacio;1/14/68;CIIL680114HMCCTB0;523899940438;plucero@grijalva.biz;Nueva Nueva Zelandia
Batista;Teodoro;Rosario;3/19/06;BART060319MTCQBZ9;525269658271;iglesiasesmeralda@balderas.biz;San Soledad los altos
Pina;Monica;Linda;1/23/89;PILM890123HQTGCW9;528924141832;marinmarco-antonio@hotmail.com;Nueva Filipinas
Carrillo;Asuncion;Manuel;1/7/96;CAMA960107HMCJPF5;522102027588;gabrielcarvajal@gmail.com;San Luis Miguel los bajos
Irizarry;Ofelia;Andrea;10/20/44;IRAO441020MGTLDK6;528507925241;armendarizadan@despacho.biz;Nueva Armenia
Perea;Perla;Vanesa;11/13/64;PEVP641113MGRGSL7;526541951802;dbarrientos@proyectos.net;San Abril los bajos
Valle;Elvira;Guillermo;9/4/75;VAGE750904MCLVMR2;525973832060;mezaabel@hotmail.com;San Homero de la Montana
Granados;Emiliano;Olga;6/14/91;GROE910614MOCFGP6;522410386571;lbenavidez@puga.com;Vieja Gambia
Mena;Ignacio;Laura;8/7/77;MELI770807MZSHPW9;523132912127;tellojorge@gmail.com;San Homero los bajos
Bustamante;Gabino;Carla;10/7/55;BUCG551007HCHFXX1;520352135680;palaciosmaria-cristina@despacho.com;Nueva Bangladesh
Fajardo;Estela;Catalina;10/31/88;FACE881031HBSSSG3;529941013721;karteaga@ortega.biz;San Debora los bajos
Laureano;Ernesto;Eduardo;5/26/72;LAEE720526HSPPLT4;520999347687;achapa@gmail.com;Nueva Lesotho
Tovar;Jorge;Mauro;4/11/00;TOMJ000411HCCBQV2;528564205930;rocio32@gmail.com;Nueva Ghana
Gaona;Oswaldo;Anabel;3/6/87;GAAO870306HCCTPS1;522395590599;ttorres@club.com;Nueva Antigua y Barbuda
Abrego;Olivia;Mateo;6/18/79;ABMO790618MDGSYQ8;525250029218;gvilla@yahoo.com;San Irene de la Montana
Ruiz;Cristina;Marco Antonio;6/30/77;RUMC770630MMCRCF8;529539264422;echeverriasalvador@yahoo.com;Nueva Nueva Zelandia
Bernal;Claudia;Isabel;9/14/66;BEIC660914HMCWPZ0;522157043315;olveramarcela@de.biz;San Patricio los bajos
Velez;Benito;Mauro;1/5/65;VEMB650105MCSFZX5;521040541152;mirelesrosario@angulo.com;San Cristina de la Montana
Florez;Benito;Isabel;3/3/60;FLIB600303HPLXYG0;528444310698;abelardo61@proyectos.com;Nueva Croacia
Bonilla;Teodoro;Guillermo;10/7/98;BOGT981007MNTWLH8;526774186256;irizarrymarcos@yahoo.com;San Espartaco los bajos
Corona;Ramon;Anel;6/23/47;COAR470623MSPQMM3;528693806868;fluna@aragon.net;Nueva Mexico
Galarza;Debora;Daniela;7/17/60;GADD600717HTLLXK2;526163294511;geronimo87@gmail.com;San Bruno los bajos
Valverde;Conchita;Concepcion;12/14/47;VACC471214MTSGGD3;521485646799;karina29@arellano.com;Vieja Ghana
Miranda;Jose Emilio;Alejandra;7/23/75;MIAJ750723HQTQMT7;527132475469;lorenzorubio@hotmail.com;San Anabel los altos
Marquez;Cristobal;Andres;4/15/03;MAAC030415HGTHFD6;528902330307;jose-carlos78@castaneda.com;San Rosario los bajos
Villa;Diana;Mario;11/30/81;VIMD811130MTLRWJ1;524140602933;bserna@hotmail.com;Vieja Canada
Zaragoza;Vicente;Debora;6/19/35;ZADV350619MSRTBB9;529446657437;aguilarnayeli@hotmail.com;San Ramiro los altos
Leyva;Rosario;Sandra;12/8/74;LESR741208MNLJWX8;521545444328;clara07@yahoo.com;San Lourdes los bajos
Vergara;Julia;Alejandro;2/28/60;VEAJ600228HGRYVH8;528758428241;israelburgos@gmail.com;San Esparta los altos
Meraz;Homero;Lucia;11/24/84;MELH841124HSRYYF7;524717099917;ttamayo@ayala.com;San Lucas los altos
Mata;Maria Jose;Claudio;11/10/58;MACM581110MHGWMX1;525250074329;sessapuente@paez.biz;Nueva Polonia
Alcaraz;Elvira;Jose Luis;3/2/78;ALJE780302HCSHMV3;520335421689;lugogregorio@solis.com;San Cecilia los bajos
Escobedo;Minerva;Jorge;10/2/56;ESJM561002HDFFWQ4;523323098215;villegasamanda@hotmail.com;Nueva Azerbaiyan
Quiroz;Camilo;Lorena;1/24/86;QULC860124MBSKRW5;524723046184;gcantu@leyva-carrera.com;San Elvia los altos
Solorzano;Elvira;Frida;10/5/61;SOFE611005HVZQHK2;524208737530;fcordova@campos-hidalgo.com;San Gustavo los bajos
Camarillo;Marisol;Amador;2/2/58;CAAM580202MOCJWN4;525561100225;nievesjacobo@gmail.com;Vieja Liechtenstein
Olmos;Maria Eugenia;Georgina;5/27/99;OLGM990527HQTPBX9;521202169797;sara02@yahoo.com;San Bruno los bajos
Barajas;Marcos;Amalia;12/1/69;BAAM691201HCHVWP0;528993588916;jcordova@hotmail.com;Nueva Somalia
Rodarte;Cristina;Natalia;10/18/01;RONC011018MGRNCG4;527535408386;zquiroz@bueno.com;Vieja Yemen
Candelaria;Ursula;Aida;3/22/89;CAAU890322HDGYKG1;528801994883;garicamaria-elena@yahoo.com;San Victor los bajos
Calderon;Maria Cristina;Camila;6/29/64;CACM640629HTLMWD6;525488510272;elenacasarez@yahoo.com;Vieja Ecuador
Pedroza;Ivonne;Bianca;8/22/40;PEBI400822MBSNHB7;527982708086;carolinacano@zapata.net;San Lourdes los altos
Otero;Felix;Gerardo;12/22/80;OTGF801222HASNWY6;522269848583;zacarias22@hotmail.com;San Camilo los bajos
Verduzco;Ramiro;Mauro;2/17/91;VEMR910217MHGJHG1;520810620034;anellucero@gmail.com;Vieja Micronesia
Valenzuela;Benjamin;Sergio;11/3/64;VASB641103HNLWSG9;528406665800;tanianazario@hotmail.com;Nueva Guyana
Benavidez;Marisol;Diana;10/5/59;BEDM591005HVZGXK7;521606484229;ccorrea@gmail.com;San Ruben de la Montana
Madera;Socorro;Sergio;1/28/01;MASS010128HDFTQY9;525832818268;estela35@muro-lozada.org;San Ramiro los altos
Montemayor;Abril;Camila;12/20/94;MOCA941220MMCXWR5;529305616484;cruiz@yahoo.com;Vieja Palau
de la Fuente;Armando;Beatriz;11/18/06;DEBA061118HNLXPT6;523361386120;benavidesana@proyectos.com;Vieja Luxemburgo
Palacios;Julia;Maria del Carmen;3/31/93;PAMJ930331MVZDYD3;526180919015;samuel14@yahoo.com;San Leonardo los altos
Cortez;Alta  Gracia;Mario;12/1/06;COMA061201HSRSZZ9;526842450882;jterrazas@magana-gaitan.com;Vieja Sri Lanka
Cruz;Nelly;Claudia;5/10/59;CRCN590510MOCKWS4;524312908781;fajardoroberto@yahoo.com;San Jonas de la Montana
Gollum;Yuridia;Vanesa;12/6/47;GOVY471206MPLDSR5;521357759492;luis-miguel20@yahoo.com;Nueva Tuvalu
Lebron;Tomas;Marco Antonio;3/29/83;LEMT830329HHGTQS7;527775478129;fridabermudez@almaraz-sarabia.com;San Rosa de la Montana
Hurtado;Alejandro;Pedro;7/26/98;HUPA980726MMCTJG7;526394278816;sessade-jesus@club.org;Vieja Jordania
Saavedra;Alfredo;Estefania;11/8/65;SAEA651108HCLKLN6;525303856770;frida98@club.org;Vieja Kuwait
Palomino;Esparta;Noemi;5/5/82;PANE820505HOCGPN3;527908272318;cristinanajera@godinez-pedroza.com;Vieja Swazilandia
Gaitan;Mauro;Mauro;4/4/56;GAMM560404HBCPMT6;523029922809;dolores86@limon.com;San Samuel los bajos
Gaona;Mauricio;David;3/21/90;GADM900321MVZZHB4;522984257991;biancaaleman@gmail.com;San Conchita los altos
Rolon;Beatriz;Diana;8/17/39;RODB390817HSLBMK0;527298068650;wolivarez@pizarro-cervantes.com;San Eugenia de la Montana
Torrez;Gloria;Rufino;12/5/89;TORG891205MHGFZZ7;520098180635;luisvigil@corporacin.com;San Leonel de la Montana
Valdes;Liliana;Pedro;12/23/99;VAPL991223MOCCVX8;528874495621;gallegosnancy@mireles.com;San Teresa de la Montana
Rodriguez;Aurora;Clemente;7/26/93;ROCA930726HTLNNK3;524351906698;timoteosaldana@alarcon.net;San Eloisa de la Montana
Sevilla;Rufino;Nayeli;11/4/65;SENR651104HVZYDR2;525302146566;bustamantepaulina@laboratorios.com;San Espartaco los altos
Paez;Eloisa;Maria Elena;12/12/34;PAME341212MSLYRX8;526818184518;kocasio@yahoo.com;Vieja Mongolia
Amaya;Maria Luisa;Rodrigo;11/28/99;AMRM991128MCCYRP5;521633565880;ozunazacarias@hotmail.com;San Antonio los altos
Martinez;Diego;Martin;6/6/82;MAMD820606MDGMRL5;524237333433;bernabecasares@gmail.com;San Sessa de la Montana
Rosario;Patricia;Alma;10/31/84;ROAP841031HDFSFP9;529472846392;ctoledo@hotmail.com;San Laura los altos
Casarez;Delia;Maria Jose;11/3/04;CAMD041103HGTBRM5;520036915594;gabrielrodriguez@hotmail.com;San Josefina de la Montana
Gaitan;Modesto;Luz;5/9/91;GALM910509HBCNJK1;526472929314;jestevez@hotmail.com;Vieja Alemania
Sanabria;Diana;Lucia;8/12/52;SALD520812HTSGXP1;524489061203;qmesa@murillo-valencia.com;San Alejandra los bajos
Zelaya;Carlos;Jeronimo;5/23/61;ZEJC610523MSRNNG8;525587716947;zvazquez@gmail.com;Nueva Israel
Mateo;Esperanza;Humberto;12/19/73;MAHE731219MQTCWP9;526475987622;arcelia32@candelaria.info;Nueva Libia
Cano;Ofelia;Armando;1/12/70;CAAO700112HCSXPV8;526433472282;martin78@yahoo.com;San Celia los altos
Villareal;Paola;Diana;6/12/96;VIDP960612MSRGNX9;528457831745;adalberto08@corporacin.net;Vieja Nauru
Posada;Helena;Abril;3/7/74;POAH740307HMCLKW6;528536866326;pichardosocorro@gmail.com;San Gloria los altos
Paz;Oscar;Gabriel;11/25/59;PAGO591125MJCGCQ2;522417974973;tellezagustin@despacho.com;San Abril de la Montana
Alejandro;Aurora;Cornelio;6/27/01;ALCA010627HCSVHB5;526475705120;mduran@proyectos.com;San Margarita de la Montana
Rincon;Aldo;Elvia;2/6/47;RIEA470206MDFQBD9;526452088147;gamezbruno@gmail.com;San Irma de la Montana
Viera;Daniela;Geronimo;8/6/50;VIGD500806HTLFZJ0;520097925132;balderasjonas@hotmail.com;Nueva Camerun
Mateo;Micaela;Eugenia;8/1/81;MAEM810801MQRQQN9;520652407784;pamelamontero@rocha-laureano.org;Nueva Peru
Lucero;Cristal;Maria del Carmen;2/26/70;LUMC700226MCCHNV2;520862095935;ofeliasalinas@hotmail.com;Vieja Iraq
Medina;Lucas;Tomas;5/7/49;METL490507MASFMS9;521022031731;nsotelo@hotmail.com;San Amador los bajos
Batista;Estela;Samuel;2/4/36;BASE360204MMCDTV5;521705865094;araceli38@campos-godoy.net;San Elias de la Montana
Guzman;Olivia;Victor;8/30/58;GUVO580830HDGCJH3;529576122868;ignacio85@yahoo.com;San Tania los bajos
Guajardo;Irene;Sandra;6/6/63;GUSI630606MSRFQG1;524577600490;maciasestela@gmail.com;San Agustin los altos
Segura;Geronimo;Perla;5/15/55;SEPG550515MTSZSW2;527522459334;aracelimelendez@yahoo.com;Vieja Togo
Yanez;Reynaldo;Barbara;3/13/75;YABR750313MVZQFZ1;526105566139;ofelia05@corporacin.com;Vieja Mexico